drug,n_blood,n_solid,mean_blood,sem_blood,mean_solid,sem_solid,diff,diff_err,sigma,p_value
AZD5991,87,489,0.4502647011494253,0.2869185305932774,4.54218526993865,0.10140733788580913,-4.091920568789225,0.30431183245955473,13.446472112887923,7.481071719994894e-25
Tozasertib,27,194,-1.2728528888888888,0.3891445639373307,2.476276711340206,0.1456618274069019,-3.749129600229095,0.41551276707881474,9.022898686330755,1.6406992582376173e-10
Schweinfurthin A,85,492,-1.7587912588235293,0.1620525590130072,1.9251181930894308,0.08658049806073295,-3.6839094519129603,0.18373136511523763,20.050520223383664,1.4469939086320402e-42
Cytarabine,85,515,-1.1517523529411766,0.22043071948588247,2.237971704854369,0.081839503235194,-3.3897240577955454,0.2351327420476509,14.416214553005979,5.883487622739075e-27
Gemcitabine,114,661,-3.481231236842105,0.19634482119965171,-0.09810556732223903,0.1079592214831239,-3.383125669519866,0.22406803055136043,15.098654016795996,2.717753074494928e-34
BI-2536,108,636,-3.8283941666666665,0.10779384280593099,-0.5053714481132074,0.09091331192990292,-3.3230227185534593,0.1410132718325959,23.565318890681368,3.1883873134567706e-69
Mitoxantrone,86,492,-1.88084461627907,0.1907401687632444,1.1665734735772355,0.0851178601603085,-3.0474180898563055,0.20887044333294452,14.589991964533956,1.7997388337701132e-28
Alisertib,107,658,-0.7638884205607476,0.2259704205213966,2.1174904559270518,0.07725566993389427,-2.8813788764877994,0.23881178674335074,12.06548016653967,4.740577291364821e-23
Venetoclax,112,659,-0.38504016071428565,0.2397061299693038,2.4790989013657057,0.054261128066954926,-2.864139062079991,0.24577082569735417,11.653698334426943,1.3894050251469257e-21
JQ1,113,652,-0.35673232743362826,0.14864075708510818,2.5057655904907974,0.06685916580245994,-2.8624979179244256,0.1629853451038926,17.56291595480421,3.121449649371257e-39
AZD5153,87,491,-0.7735246206896554,0.18529120969267562,2.0613164582484726,0.07239216927977252,-2.834841078938128,0.19893078837225356,14.250388801724196,4.593456163773655e-27
Fludarabine,86,492,2.50229061627907,0.2005061759243758,5.310995432926829,0.07166184095474858,-2.808704816647759,0.21292756052902223,13.190893699573145,3.1147158457734572e-24
LMP744,86,492,-2.504544244186047,0.15431088876637708,0.2755282601626017,0.09677081298339808,-2.7800725043486487,0.18214401070948505,15.263046495570979,4.422371774024588e-33
Teniposide,86,492,-1.6076945930232562,0.16798989886201046,1.0716573739837398,0.07670989172635348,-2.679351967006996,0.18467542773292114,14.508437857157114,1.9762039485537716e-28
Vinblastine,85,513,-5.585706776470588,0.11041042248934026,-2.9160448304093567,0.09401385711045304,-2.6696619460612316,0.14501402250492637,18.40968135319837,3.907802431014263e-47
ABT737,112,658,-0.3229159642857143,0.21016970772930743,2.315375083586626,0.06811591911216426,-2.6382910478723405,0.2209323074688657,11.94162627502605,6.773058746548642e-23
Vinorelbine,115,656,-5.0514237217391305,0.11234494853581313,-2.4453059329268294,0.07792202017385433,-2.606117788812301,0.13672318270684405,19.061272106283734,5.648581571140981e-50
Bosutinib,113,652,0.45560868141592925,0.16787645266336979,3.0290289279141103,0.04671334659111457,-2.573420246498181,0.1742545267950828,14.768168688807911,1.4083744008294217e-29
N25720-51-A1,85,514,1.2334749529411764,0.12256398067749177,3.764839338521401,0.055646558475596596,-2.5313643855802246,0.1346048618352642,18.805891191940955,9.145724202232802e-38
Daporinad,69,405,-5.36092963768116,0.23857860993295732,-2.8682700839506174,0.1350329093087627,-2.4926595537305425,0.2741416416999262,9.09259730945579,3.0612531632015703e-15
UNC0638,88,503,2.151338386363636,0.09817592647438884,4.599133083499006,0.050059596295831656,-2.44779469713537,0.11020197693510878,22.21189460672495,3.600674557502167e-47
OTX015,108,610,0.3225663333333334,0.16555920751727987,2.7563749098360657,0.06598610724070475,-2.433808576502732,0.17822462664438807,13.65584892686528,1.0538945961867007e-27
Palbociclib,115,666,1.4727134000000004,0.12793346843697226,3.891896052552553,0.04970884892598928,-2.4191826525525526,0.13725138253533406,17.62592556712321,2.0291922441655658e-38
Lestaurtinib,112,651,-2.0052356607142854,0.1112895478175371,0.41305266052227346,0.053669328889537224,-2.4182883212365587,0.12355468553189389,19.572615241793578,4.2505721491550636e-45
Nilotinib,111,658,1.0894233423423425,0.2033403077530222,3.4911812416413377,0.04479134133654252,-2.401757899298995,0.20821514117811038,11.534981969656545,3.2564273281223764e-21
MK-8776,114,653,1.1441869912280702,0.10642717171682922,3.5252010872894335,0.055366195015155106,-2.3810140960613633,0.11996732234279317,19.847188797445046,3.288539885582939e-47
Navitoclax,115,665,-0.2560162347826086,0.18675424417135872,2.114557147368421,0.07028604415746434,-2.3705733821510298,0.1995426664132774,11.880032600352653,2.7786662749182764e-23
VE-822,108,611,1.2348950740740743,0.13179474162296245,3.6009466137479547,0.06443320875169133,-2.3660515396738804,0.14670205284692667,16.12827832847499,1.455541521753997e-35
Cisplatin,88,529,1.4314896931818182,0.11314566928485859,3.7548234688090734,0.07360447129770474,-2.323333775627255,0.1349798528408341,17.21244857458016,3.484815184156216e-39
Oxaliplatin,115,665,2.3285747826086953,0.11895439988591076,4.650756978947369,0.055613073841056994,-2.3221821963386735,0.13131246412381434,17.68440042484536,3.4262267676022876e-40
I-BET-762,108,611,1.2846105555555554,0.11760102155580057,3.6022721751227498,0.054384857100635405,-2.317661619567194,0.12956740698503003,17.88769007189418,1.1555204542130184e-39
Pevonedistat,112,657,-1.0076668392857144,0.11706993489299322,1.3057060304414003,0.08019862608189289,-2.3133728697271145,0.14190556465929355,16.302199813526546,2.785850330088586e-40
Elesclomol,27,152,-3.607339259259259,0.24938645006969307,-1.307763217105263,0.15073318643768469,-2.299576042153996,0.29140023159225753,7.8914695077239445,3.5069531671579505e-10
Talazoparib,112,658,0.9983466160714285,0.21479809931201949,3.2792889772036475,0.07160779115159673,-2.280942361132219,0.2264197412366397,10.073955339204813,3.392028993287387e-18
Axitinib,114,660,1.0986072456140348,0.13238039475749855,3.355114340909091,0.05840998019887638,-2.2565070952950563,0.14469379635279558,15.595050735922301,5.995331115736735e-34
Irinotecan,115,663,0.736238252173913,0.10997686123773431,2.983083722473604,0.06876593727777346,-2.246845470299691,0.12970606823658845,17.322593313069714,1.1699418949071011e-42
VE821,114,654,2.1308647894736845,0.10714069206675761,4.363319056574924,0.05386887857367751,-2.2324542671012395,0.11992074038851407,18.61608142068361,2.140526351428637e-43
SN-38,114,658,-5.2287667017543855,0.12591705345682844,-3.0035452629179327,0.07081089848249743,-2.225221438836453,0.14446206316936067,15.40350033785483,2.0704951610226433e-35
Nutlin-3a (-),115,666,2.6291270000000004,0.16769886685026894,4.852372094594594,0.06016161012544912,-2.223245094594594,0.17816377094053318,12.4786598468252,1.0042150976710519e-24
PRIMA-1MET,109,611,2.621293798165138,0.10777607859775869,4.8444160638297875,0.06742924045511195,-2.2231222656646494,0.12713137136939712,17.486811018541378,2.061815581103475e-42
Topotecan,86,492,-1.5915272209302325,0.15822294173809284,0.60264293699187,0.07917229076028717,-2.1941701579221027,0.176925834508382,12.401638031093487,7.210986577916956e-24
CHIR-99021,27,152,2.6911036296296293,0.26136377807448913,4.88403922368421,0.10245632188333503,-2.192935594054581,0.2807282001923433,7.811597098375128,3.9302646272404136e-09
Methotrexate,95,626,-1.3868148947368424,0.24969818281059972,0.7892966805111821,0.09013894104272037,-2.1761115752480245,0.265469793368697,8.197209737628182,3.127252475878609e-13
CDK9_5038,87,491,-3.8388520804597692,0.14220132470274213,-1.6646985784114052,0.08292889716922519,-2.174153502048364,0.1646159735047563,13.207427297360944,5.5893953464384844e-27
Temozolomide,115,663,4.508544669565218,0.10302431667130475,6.665946288084464,0.04004921169631947,-2.1574016185192457,0.11053483244247442,19.517844021177858,4.534294336908102e-43
CPI-637,87,511,2.452671183908046,0.13420696172963786,4.6040810861056745,0.050976022682487084,-2.1514099021976283,0.14356205440584194,14.985923063734601,1.5193794530957334e-28
YK-4-279,112,659,0.5416869196428572,0.100168172654151,2.65941948861912,0.06086831454283891,-2.1177325689762627,0.11721183612655241,18.067565861606067,3.6552564268947116e-44
AZ960,109,611,0.2058352293577982,0.11881272340392005,2.3218568265139115,0.06464532241535226,-2.1160215971561134,0.135260788674476,15.644013449075883,2.6327108545976137e-35
630600,86,492,0.633216465116279,0.13501800019358792,2.732866957317073,0.07077346977748454,-2.0996504922007944,0.15244259378736713,13.773384721657706,1.3675298976534767e-27
Camptothecin,115,665,-3.9296314782608692,0.11527549104188375,-1.8435778781954886,0.06629939099952145,-2.0860536000653807,0.13298138246331645,15.686809397103602,1.3856596571184787e-36
Eg5_9814,87,489,-4.607388689655172,0.10908602463513227,-2.5258286278118613,0.07728316384030892,-2.081560061843311,0.13368787597933,15.570297954057922,1.595228519982761e-35
5-Fluorouracil,115,666,2.7320191739130433,0.13399789704742612,4.800068941441442,0.06110399256774128,-2.0680497675283984,0.14727231349052405,14.04235269015084,5.579928548251501e-30
AZD7762,112,662,-1.502765642857143,0.11474974079815826,0.559870506042296,0.052713735117032874,-2.062636148899439,0.12627842604037007,16.33403435231314,4.87675137505993e-36
I-BRD9,112,659,2.6952919732142857,0.0838493809700892,4.751810673748103,0.04137785019624527,-2.0565187005338177,0.09350318270481531,21.994103741111577,1.3699598433803284e-51
AZD5582,105,605,0.5819514095238095,0.19543391274964542,2.6311727570247934,0.0929097828233242,-2.0492213475009837,0.21639464410403805,9.469833950768951,4.516768055216862e-17
BEN,86,492,2.364042430232558,0.15750329259295948,4.395160203252032,0.09166945242904923,-2.031117773019474,0.1822376900815666,11.145431947202463,2.2491534989717296e-21
GSK2276186C,86,492,3.182759953488372,0.14409862504355933,5.2111311605691055,0.04826416646028155,-2.0283712070807334,0.15196658679969774,13.347481507591297,2.3808197551539128e-24
ZM447439,112,647,0.9385225178571428,0.12966236192886632,2.9542528299845436,0.0623022919982411,-2.015730312127401,0.14385375799473024,14.01235769037916,5.623601851228369e-30
Entinostat,108,615,0.4297496574074074,0.09929372421240538,2.431483069918699,0.06277991355298042,-2.0017334125112916,0.11747578990451145,17.039539926808516,4.5074499662050103e-41
Epirubicin,112,659,-2.4788444196428574,0.12033841159723589,-0.4918730940819423,0.0549244611514916,-1.9869713255609152,0.13228011845522164,15.020936999187283,1.9616375677519422e-32
MIRA-1,115,664,3.6337389478260875,0.09792491997778222,5.61273190060241,0.03793108550780947,-1.9789929527763221,0.10501455708831897,18.84493928886408,2.0810193910101922e-41
Niraparib,109,611,2.6074170000000003,0.12224574939079222,4.566555736497544,0.04911341836030686,-1.9591387364975437,0.13174274593749327,14.870942020800733,5.7774112894090815e-31
Paclitaxel,112,659,-4.6583871696428565,0.10097649306743954,-2.7012599681335354,0.06674756764057824,-1.957127201509321,0.12104333909031192,16.168813717614682,2.1976325233080642e-39
PBD-288,87,511,-1.5925631264367814,0.09768390226606377,0.3547542133072407,0.06781361930334875,-1.9473173397440222,0.11891522915482866,16.375676636073234,1.28576876558169e-37
RO-3306,114,655,1.9578186578947367,0.09640148442090225,3.9035777832061065,0.06017758742427864,-1.9457591253113697,0.11364236985719789,17.121775335699137,6.96360899450425e-42
Wee1 Inhibitor,112,658,0.44441602678571435,0.08249018400603587,2.386410410334346,0.05740861188379434,-1.9419943835486317,0.10050064266348645,19.323203634141443,1.8305154620647554e-50
Crizotinib,115,665,1.023643008695652,0.09838985732628815,2.94476492481203,0.05467198443735623,-1.9211219161163777,0.11255927286103913,17.06764682540294,2.3513807806163472e-40
Docetaxel,115,666,-5.109344643478261,0.12521069602866777,-3.1887437274774775,0.0826136926590529,-1.9206009160007835,0.15000913510432587,12.803226381280552,1.2686990890815715e-28
GSK2830371,86,505,3.8624364302325573,0.09577603785888474,5.78187663960396,0.041314470369511296,-1.9194402093714023,0.10430692637528799,18.401848046652336,1.3730454229387374e-36
Bromosporine,86,492,0.85346111627907,0.08822228542122774,2.767713593495935,0.048555602135745723,-1.9142524772168652,0.10070162930017273,19.00915099904527,7.430042180724593e-41
HKMTI-1-005,88,512,2.2883955340909092,0.097053687218108,4.193389689453125,0.06538299254676869,-1.9049941553622154,0.11702287775046873,16.27881822752889,4.6461652731952436e-37
UNC0379,87,511,2.024724655172413,0.11444557727381477,3.9117239158512715,0.056666091100318935,-1.8869992606788584,0.1277060532556165,14.776114464220736,9.199759387679753e-30
KRAS (G12C) Inhibitor-12,108,611,2.9537781203703704,0.11002054214579494,4.824845842880523,0.05652674693362126,-1.871067722510153,0.12369233126169263,15.12678840656325,3.131913172209173e-33
Lenalidomide,113,652,3.6777885309734515,0.07797998054899291,5.54840709202454,0.03356048470834582,-1.8706185610510886,0.0848951323709459,22.034461915643117,8.073765830426292e-50
Elephantin,86,492,2.118320906976744,0.08443105638010114,3.96003787601626,0.061334029954589434,-1.8417169690395157,0.10435739797412683,17.648168743112297,7.590729072447822e-42
MK-1775,115,665,-0.8513332173913043,0.07648762214270938,0.9837371548872178,0.05077001381951765,-1.8350703722785222,0.09180387052995043,19.98903054615592,4.102649517556509e-52
P22077,112,659,2.9144742053571426,0.11217430972337526,4.722907993930197,0.05492710776870246,-1.8084337885730544,0.12490021188833259,14.479028988276578,2.048419180401744e-31
AZD5438,87,491,0.917214379310345,0.09525724842658498,2.7241044032586554,0.06643306276709343,-1.8068900239483106,0.11613481479048693,15.558556038583532,2.7249103712513557e-35
Nelarabine,86,491,4.535935476744185,0.15134817627268246,6.329330354378818,0.0339432297304876,-1.7933948776346336,0.15510774740677405,11.562252096482386,9.708357660872959e-20
Temsirolimus,102,643,-0.4119552450980392,0.2143573684519481,1.38059899688958,0.05646872352880844,-1.7925542419876193,0.22167047197725104,8.08657204542597,6.823832397492733e-13
Podophyllotoxin bromide,86,492,-1.853378290697674,0.06316008840505233,-0.061583319105691064,0.0690861805638068,-1.7917949715919828,0.09360607412037396,19.14186646998784,2.1314887942483984e-55
Serdemetan,113,652,2.336897637168142,0.08557516734578909,4.100258780674847,0.04395227347722477,-1.763361143506705,0.09620245116459643,18.329690378571573,9.788797031578998e-43
BMS-754807,113,652,0.777019796460177,0.16293616849625714,2.533481013803681,0.07563506493990486,-1.756461217343504,0.1796353474478348,9.777926462126679,4.42940268700399e-18
Dabrafenib,114,655,2.7839897894736843,0.1334988443115492,4.5339312335877855,0.07523675104231248,-1.7499414441141012,0.15324004091595042,11.419609611523887,2.1012565670760303e-23
ICL-SIRT078,87,512,2.897766965517241,0.11109322946772655,4.64680748046875,0.05621414211952233,-1.749040514951509,0.12450596535027067,14.047845097469514,3.908666865408563e-28
N30652-18-1,85,515,3.796613070588236,0.08379363889450422,5.534613434951456,0.04245725230560377,-1.7380003643632205,0.0939361069691749,18.501941590293335,2.182154442495325e-38
MK-2206,115,666,1.2880330521739132,0.13461920108188702,3.0252430795795795,0.05333157664439841,-1.7372100274056663,0.1447984335802804,11.997436605158489,9.433146368716877e-24
Luminespib,115,663,-3.4931014869565216,0.10023426497459952,-1.7738951146304678,0.07113245644975777,-1.7192063723260538,0.12290945543600343,13.987584325611232,3.899555622063771e-33
AMG-319,114,653,3.4154396754385967,0.10035986306979298,5.126393886676876,0.037966526988169144,-1.7109542112382794,0.10730125482458709,15.945332736651558,7.086424720217443e-34
ULK1_4989,87,490,1.0407727011494252,0.15010634721105925,2.733602846938776,0.06984523232417313,-1.6928301457893506,0.16556047822914982,10.224844503326025,3.0224616570954788e-18
GSK269962A,27,194,1.041334777777778,0.2529018726212599,2.7170310051546394,0.0983087725830173,-1.6756962273768614,0.27133737660359175,6.175692594776417,4.893869166652775e-07
Ribociclib,114,658,2.183609701754386,0.09065397762987473,3.851063106382979,0.03751634063004222,-1.6674534046285934,0.09811024143476146,16.99571196894229,3.5839676348481443e-37
Olaparib,115,665,2.939614608695652,0.09308696188352705,4.601944529323308,0.043433831694600564,-1.6623299206276565,0.1027213717216632,16.182902279887323,4.389116568012176e-36
Vorinostat,112,660,0.1567653214285714,0.0535904088374517,1.7933502,0.03900725914707051,-1.6365848785714285,0.06628346841809002,24.690694642719894,9.0177729712722e-69
AZD6738,112,659,0.7567882946428571,0.1052262257489026,2.3916221790591807,0.05315184286637119,-1.6348338844163237,0.11788840903774395,13.86763887782135,6.942947138810413e-30
50869,86,492,1.2774063837209302,0.10416791168076889,2.9044814410569106,0.05599249599328001,-1.6270750573359805,0.11826289964096917,13.758119091241372,9.872045446655881e-28
BMS-345541,108,611,1.9889952314814816,0.06886428554444357,3.615735594108019,0.05107297246626729,-1.6267403626265375,0.0857364469761067,18.97373194249445,6.099701350495227e-50
JAK_8517,87,491,1.7686430919540232,0.13720045881522858,3.394472602851324,0.07325290277829995,-1.6258295108973007,0.15553119836404625,10.453397954870638,2.9127427339097697e-19
Dactinomycin,115,659,-5.150507860869565,0.11216295513196362,-3.5274619916540213,0.05486689988649894,-1.6230458692155438,0.12486354634996549,12.998556557624093,2.0876586121228766e-27
PFI-1,114,649,2.733358403508772,0.0799237482766752,4.3538644791987675,0.03882296530226459,-1.6205060756899954,0.08885397106181682,18.237857648057048,5.874626667746845e-42
PCI-34051,108,611,3.1314997685185175,0.11088401965460343,4.743621397708675,0.04476259142395983,-1.6121216291901574,0.11957823968327533,13.481730735125005,2.615544280651818e-27
Dasatinib,113,663,-0.09470744247787609,0.29448639971709056,1.516392648567119,0.08325788230058767,-1.611100091044995,0.30602959756126946,5.264523771176873,5.623651126068634e-07
5-azacytidine,87,511,1.6583465862068962,0.11033346484508139,3.2616637886497064,0.057469216961449236,-1.6033172024428102,0.12440331331151487,12.888058683999743,2.0971521222722547e-25
Motesanib,113,652,4.20148210619469,0.09966458311735878,5.794185263803681,0.034697757527042544,-1.592703157608991,0.10553181276450412,15.092161461900904,3.4287015652173094e-31
PRT062607,108,611,1.9093270185185185,0.11223023039322005,3.4971337610474627,0.05174181839144185,-1.5878067425289442,0.1235833337653917,12.848065302585274,3.1004578327362656e-26
IGF1R_3801,86,491,0.5123306976744185,0.20765699540025048,2.0715224704684316,0.08313375016798523,-1.559191772794013,0.2236797893321,6.970642173124826,2.1810538327987476e-10
LMB_AB1,86,492,4.160177918604651,0.07540410029600778,5.710079109756097,0.037494500105018466,-1.549901191151446,0.08421173243423763,18.404813039106994,4.0354239956533267e-38
CDK9_5576,87,491,-1.4201785977011496,0.10714811619583586,0.1232721303462322,0.06620184486893982,-1.543450728047382,0.125950002256322,12.254471618875332,8.942294027128537e-25
JAK1_8709,87,491,2.8995824597701154,0.11762210361692538,4.427576360488798,0.047439184428988986,-1.5279939007186827,0.12682837016440116,12.047729531949532,3.7035541131180535e-22
RVX-208,108,611,3.495001675925926,0.08992621761054725,5.019100513911621,0.0372539239596021,-1.5240988379856946,0.0973374514980093,15.657887221516834,4.614449567866345e-33
POMHEX,87,511,0.10320372413793105,0.0751220801486032,1.6227629999999997,0.05470396091642196,-1.5195592758620686,0.0929292756121481,16.35178221128225,3.0661457833793767e-38
NU7441,112,648,1.8942192410714287,0.08448532294583448,3.4094539675925923,0.05191826279536598,-1.5152347265211636,0.09916287513455138,15.280262139083636,1.0072211135078467e-35
Ruxolitinib,109,615,3.6010626697247705,0.10271166619044998,5.114035442276423,0.03901060616135586,-1.5129727725516524,0.10987044081414638,13.770516995658122,7.2171305722522315e-28
Sorafenib,112,659,1.3259039285714285,0.1126039189467581,2.836224770864947,0.04115407597612752,-1.5103208422935186,0.11988870060025233,12.597691314792177,6.544398431872353e-25
GSK2830371A,86,492,3.9628936046511622,0.08602488559116954,5.466845959349594,0.043717309668808844,-1.5039523546984315,0.09649603155390556,15.585639434905454,8.354415745712138e-32
KU-55933,114,655,3.8294054824561403,0.07288402606314676,5.325877308396946,0.03878266419675253,-1.496471825940806,0.0825601374597422,18.125839805808372,9.405579971229086e-43
Rapamycin,111,655,-3.275791981981982,0.15868498706426692,-1.779965813740458,0.05403570497758645,-1.495826168241524,0.16763288022345535,8.923226554644776,2.6354311975979384e-15
CT7033-2,87,511,0.3210530459770115,0.08548116958008926,1.8030932191780822,0.05145824651620338,-1.4820401732010706,0.09977465353135703,14.853874413458096,1.121502114283172e-31
EPZ5676,114,662,4.323743096491228,0.08584380146753977,5.802013725075529,0.03437627147724375,-1.4782706285843012,0.09247100243360373,15.986315598186934,2.4908120754046613e-34
N27922-53-1,85,515,3.9797335764705877,0.07890750147669956,5.449244900970874,0.036676876900362115,-1.4695113245002864,0.08701486705419746,16.88804883865417,7.28091463781216e-34
BX795,27,152,1.5029435185185187,0.198369448086057,2.9614268815789475,0.09621235724956015,-1.4584833630604288,0.22047053232004465,6.615321093991966,7.011340077759771e-08
GSK2110183B,86,492,2.107817581395349,0.15458108111591679,3.5631077174796744,0.06783579299575371,-1.4552901360843253,0.16881056083766913,8.620847705634691,3.1759883511493275e-14
THR-103,86,505,3.2607410348837207,0.08570565006030201,4.703095342574258,0.04855955408763588,-1.4423543076905374,0.09850628784726882,14.642256237762878,1.9785916223868482e-30
N29087-69-1,85,515,4.189037200000001,0.07630982395714363,5.631372421359224,0.03704766813824555,-1.4423352213592224,0.08482758364383503,17.00313930213013,1.5378610145955107e-34
Dinaciclib,107,609,-3.814360971962616,0.09140895145907318,-2.388604720853859,0.05807901806765004,-1.4257562511087567,0.10829944019499647,13.164945714785217,5.043646109653199e-29
GSK3337463A,86,492,4.1361378953488375,0.08461643961240568,5.560945136178861,0.04115998591621633,-1.4248072408300239,0.09409615450858247,15.142034743832893,2.2319805336779524e-30
Mycophenolic acid,88,508,0.7208763636363636,0.13574296197876462,2.129525986220473,0.06564021780133347,-1.4086496225841092,0.1507806019346482,9.342379619857537,3.2162735937651564e-16
THR-101,86,505,3.974464127906977,0.08373271193370521,5.38097741980198,0.041088074892830416,-1.4065132918950036,0.09327055776702367,15.079927959777724,2.6595312622995884e-30
GSK343,115,663,2.4170060826086956,0.07380090512418948,3.8218959230769234,0.039177341226123284,-1.4048898404682277,0.08355499783195328,16.81395340699736,4.285352928466155e-39
AT13148,115,655,2.4032794695652178,0.11149206267714656,3.8028692106870228,0.0637260629207231,-1.399589741121805,0.12841920080494482,10.898601862875893,6.008312904399747e-22
Rucaparib,113,651,2.8477692743362835,0.0779045297571554,4.246967113671275,0.03708201074490902,-1.3991978393349913,0.08627972692103898,16.216994295954386,3.94751066434378e-36
Sabutoclax,107,611,-1.4395788130841123,0.10411699235315071,-0.042901672667757774,0.04516761560725255,-1.3966771404163545,0.11349212129619644,12.306379724555933,1.9087571396359855e-24
765771,86,492,2.455984534883721,0.10435707209281574,3.851399481707317,0.04323065066509289,-1.3954149468235961,0.11295701683699175,12.353503889336235,6.811812031220949e-23
SB590885,112,647,3.18505875,0.11116726953982849,4.576032060278206,0.05190569184256565,-1.390973310278206,0.1226880705798093,11.337478075126871,2.397529487250537e-22
NVP-ADW742,112,659,1.7930213303571432,0.10630698173530859,3.182135426403642,0.05491659316970096,-1.3891140960464987,0.11965369434763676,11.609454297421237,1.6795107561911858e-23
GSK2256098C,86,492,3.188590418604652,0.0690523105264809,4.570969170731707,0.03570237382028525,-1.382378752127055,0.07773597034480843,17.78299989046675,3.578458190853276e-37
IAP_5620,86,489,3.803587639534884,0.14819363991290796,5.178507556237218,0.06853916029648789,-1.3749199167023338,0.16327575265416566,8.420845681933871,7.677553605345479e-14
GSK2606414,105,610,2.7024750571428573,0.10786510006837689,4.0724225,0.04485455249393617,-1.3699474428571428,0.11681956468071705,11.72703773209039,1.1979027484776906e-22
Avagacestat,113,654,3.6466952477876102,0.0718570583617625,5.014902773700306,0.03938291411534678,-1.3682075259126956,0.08194175224281283,16.6973183812127,7.07925139908906e-39
Uprosertib,115,664,1.7477634260869566,0.15398308527812596,3.112482734186747,0.06204629413142391,-1.3647193080997904,0.16601365355660894,8.220524510259244,7.976083292808396e-14
WEHI-539,112,663,2.530160919642857,0.19940573652596733,3.893304889894419,0.062421574222930945,-1.3631439702515622,0.20894760273315505,6.523855514113842,1.3009068864679694e-09
Piperlongumine,27,152,1.0780693333333335,0.09677219889217847,2.432040677631579,0.09124052257136338,-1.3539713442982455,0.13300259936378242,10.180036711876037,3.446998229918345e-16
BPD-00008900,85,515,3.5225762941176466,0.10184844903154965,4.866368093203883,0.047393253472297184,-1.3437917990862367,0.11233533302047746,11.962325325027333,2.279875931758153e-22
LMB_AB3,86,492,3.9530082325581395,0.08272929227445001,5.296152660569105,0.04411142023816421,-1.343144428010966,0.09375475025650326,14.32614800142139,4.14889061454218e-29
Zoledronate,86,492,2.816809069767442,0.05492110951377457,4.152289010162602,0.03579235628731438,-1.3354799403951598,0.0655547178990351,20.37198821375474,3.553329449780888e-47
CZC24832,108,611,4.0528794999999995,0.07940588291576148,5.388151315875613,0.03298024026767984,-1.3352718158756138,0.08598250106705149,15.529576359198165,9.444017947154076e-33
776928,86,492,2.806727593023256,0.07079230430290824,4.141570148373984,0.06804721824881159,-1.3348425553507282,0.09819355508340126,13.593993559118742,1.6018894971996855e-32
Foretinib,115,653,-0.16623193043478263,0.14968260476164022,1.167796940275651,0.047132574227618525,-1.3340288707104335,0.15692788701040797,8.500903798073548,2.7985599444734616e-14
Veliparib,113,652,4.1683157433628315,0.055079749313369585,5.500096550613497,0.03176927069176548,-1.3317808072506656,0.0635851031666247,20.944855648983303,8.120234116194362e-52
Leflunomide,109,611,3.974170779816513,0.06296896554888526,5.30580489198036,0.03125976733139708,-1.3316341121638469,0.07030123523743931,18.941830931793895,2.409623576275221e-43
PD173074,115,665,2.7240881391304352,0.09824403005517465,4.054893427067669,0.05180560654479134,-1.3308052879372338,0.11106624289565119,11.98208612483228,8.077631629733829e-25
CCT-018159,27,152,2.4927028888888887,0.17918597459673924,3.8223842236842103,0.10932775883376433,-1.3296813347953216,0.2099051508272177,6.334677017477488,7.823715364121212e-08
AGI-6780,108,610,3.2854083888888885,0.07437534641703296,4.608223908196721,0.04040024693465573,-1.3228155193078326,0.08463966036696281,15.628790493400466,3.8235571731479217e-35
Wnt-C59,108,611,3.258936361111111,0.07589854830243008,4.58010032405892,0.04173098720057301,-1.321163962947809,0.08661446142042736,15.253387728578803,3.536381482019299e-34
GSK626616AC,86,492,-0.08183995348837211,0.052330098089972375,1.2381022215447155,0.03418124275279593,-1.3199421750330875,0.06250437202493675,21.117597573918243,4.1200393954978696e-49
LMB_AB2,86,492,4.422249709302325,0.05805968248660493,5.741286481707316,0.0346127036385234,-1.3190367724049912,0.06759412684260098,19.514073692770488,2.4406477923228256e-43
Vismodegib,113,652,3.8788260176991147,0.07336525032768444,5.196440061349693,0.03462866440862129,-1.3176140436505785,0.08112708767340732,16.24135762095747,3.996167466996502e-36
AZD1208,87,491,4.186594356321839,0.0820339204689239,5.500697716904277,0.04175032562901723,-1.314103360582438,0.09204701949346705,14.276435758745075,9.722987714867454e-29
ascorbate (vitamin C),86,505,9.210057290697677,0.12792011977577517,10.511061152475246,0.053505996889860914,-1.3010038617775699,0.13865947045415425,9.382726311562887,6.31321667960481e-16
TW 37,42,258,0.23553471428571426,0.16024583747047766,1.5353897713178293,0.08874045673122254,-1.299855057032115,0.1831764097461262,7.096192456406654,8.920917393074029e-10
EPZ004777,115,663,4.115952634782609,0.06700839065230753,5.4149555867269985,0.033558341496461364,-1.2990029519443897,0.0749418888326507,17.33346960129513,6.045036142382116e-40
Pyridostatin,115,651,2.5550595130434783,0.10659568058786786,3.8531051536098304,0.04646890588903249,-1.298045640566352,0.1162841276121316,11.162706959422815,8.956074408484195e-22
LGK974,115,662,3.169541495652174,0.06333706636059924,4.467221238670695,0.04103370205609927,-1.297679743018521,0.07546753394404562,17.195205344601135,9.391687235569859e-43
Tamoxifen,112,659,2.925346017857143,0.08554739553737988,4.2205144066767835,0.04576030556114037,-1.2951683888196404,0.09701733065941288,13.349866256024223,9.500638377237827e-29
MIM1,85,515,2.9622810823529413,0.10319137956183845,4.24760859223301,0.04807041352366558,-1.2853275098800685,0.11383859394867639,11.290788697368772,9.621233963650918e-21
AZD5363,112,659,1.8027375892857143,0.1465401005762889,3.0865551805766316,0.05395580434109763,-1.2838175912909173,0.15615770842005744,8.221288620844152,1.1207315056893149e-13
PAK_5339,87,490,1.2770352873563222,0.11117100002695647,2.552394491836735,0.037125607843087494,-1.2753592044804127,0.11720623705550945,10.88132540144938,5.744642858559472e-19
Afuresertib,112,659,1.348423830357143,0.14873851161046742,2.6106129089529593,0.05513929607338783,-1.2621890785958163,0.15863003122853464,7.956810377080551,4.894523581103066e-13
Tretinoin,27,152,3.6826635925925926,0.21096303630286337,4.942769131578947,0.07330976177607956,-1.2601055389863545,0.22333769018638297,5.642153538593298,2.8903871958026617e-06
SB216763,114,656,4.141522921052632,0.08384042108083838,5.401256794207317,0.03742753212529384,-1.2597338731546852,0.09181522949926221,13.720315028617424,6.84468654837909e-29
Mirin,109,611,3.794862018348624,0.07061178638881545,5.05171997217676,0.04594923658215118,-1.2568579538281357,0.08424581128757799,14.918937032225587,6.823712912621529e-35
Bleomycin (50 uM),86,505,2.5155231511627902,0.19855588080203887,3.7623453643564355,0.09097116769450915,-1.2468222131936453,0.2184037342921956,5.7087953062449035,7.989138380516093e-08
alpha-lipoic acid,88,508,6.626331545454545,0.08550830515743821,7.871276923228346,0.04065430155691614,-1.244945377773801,0.09468073978364475,13.148876747463419,1.2817594745874986e-25
Linsitinib,114,665,2.9774602017543863,0.12006298325724346,4.220678466165414,0.047505502598562246,-1.243218264411028,0.12911968372704113,9.628417825427686,2.147135804432218e-17
BDP-00009066,85,515,1.563547411764706,0.08115238085273477,2.805606584466019,0.052160176774497795,-1.2420591727013133,0.09646964786508849,12.875129122875169,1.2583703120614579e-26
LJI308,115,654,3.959366765217392,0.0768942022861433,5.198909703363914,0.040247616096525676,-1.2395429381465224,0.08679048880306896,14.282013562097735,1.4672318303246235e-31
GSK-LSD1-2HCl ,87,511,1.6299664252873565,0.07846708470883139,2.865386039138943,0.03944277672522717,-1.2354196138515867,0.08782263955552146,14.067211144007516,3.898012139820293e-28
AZD4547,111,661,1.7753260180180181,0.09717705058361877,3.0052756081694407,0.05736870523039176,-1.2299495901514226,0.11284745234139218,10.899223373076364,6.259814328197906e-22
ML323,106,611,3.534059905660377,0.07062285260913671,4.763311103109657,0.040055854794788334,-1.2292511974492797,0.08119149471461291,15.14014739807516,6.075661585441183e-34
GSK2801,86,492,3.9869683953488373,0.07410202416526425,5.215674591463415,0.03604054271293278,-1.2287061961145778,0.0824016426076091,14.911185714653667,7.927283062122034e-30
PF-4708671,27,194,2.56988237037037,0.14925659028969673,3.7977175618556704,0.06296221717793353,-1.2278351914853003,0.16199311879480455,7.5795515304609316,5.868091542478915e-09
TAF1_5496,87,491,2.7424849310344825,0.1389426823281857,3.9589107474541754,0.07082292406364038,-1.2164258164196928,0.15595177313988867,7.800012734248038,1.5088048273256572e-12
Fulvestrant,115,663,2.6635317391304345,0.06358050907329411,3.8788318634992454,0.035175191215125724,-1.2153001243688109,0.07266206170375221,16.72537354257392,2.7238963136016846e-39
IWP-2,108,611,1.8885347870370368,0.06142640890127317,3.0956092193126024,0.03230314145806502,-1.2070744322755655,0.06940242545160918,17.392395502332953,9.43211255797461e-40
Dacarbazine,86,492,4.612183220930232,0.07018953534801138,5.818473926829269,0.039960363731573106,-1.206290705899037,0.08076757729392013,14.935333537481778,3.1592387832957035e-31
A-366,87,511,3.932554103448275,0.06429507972415234,5.138635272015655,0.042850848285212254,-1.2060811685673802,0.07726611466546887,15.609445017252717,6.905572793724273e-35
GSK591,115,654,3.4119832434782604,0.11190517956734183,4.595238600917431,0.04291951898564538,-1.1832553574391702,0.11985347022075829,9.872516459137398,5.219523568160259e-18
PFI3,108,611,4.447430824074074,0.06009418745050201,5.629714564648118,0.0293343454679213,-1.1822837405740447,0.06687163217215077,17.679899565340897,1.0829941061393821e-39
Dactolisib,112,659,-2.4243675267857143,0.11224948065081443,-1.2528421972685888,0.05424137275944472,-1.1715253295171255,0.1246678484020904,9.397172924157738,4.1372544445241326e-17
WZ4003,108,611,3.251733768518518,0.11299323700526859,4.4174315466448455,0.05355843655192054,-1.1656977781263276,0.1250439032292854,9.322307989609525,9.231731080057154e-17
Bicalutamide,27,152,3.7256624074074067,0.1504355874475335,4.885486296052631,0.06604198614282226,-1.159823888645224,0.16429366970267972,7.059455734016674,2.4504355323695788e-08
THR-102,86,505,4.063716279069768,0.08316537273348831,5.217338366336635,0.04007860044470705,-1.153622087266867,0.09231886825295528,12.49605967986872,6.522144295974745e-24
LY2109761,107,611,4.044808663551401,0.0900021226738865,5.192213564648117,0.040661230323792555,-1.1474049010967162,0.09876091199077609,11.61800633436718,9.40558316365441e-23
VTP-A,88,508,1.478361465909091,0.07273698050053638,2.6240171673228345,0.035020859678060096,-1.1456557014137436,0.08072873679753564,14.19142361024428,2.99177903207103e-28
Ibrutinib,107,608,3.093261626168224,0.14268427034718523,4.232440736842105,0.07599305705493349,-1.1391791106738811,0.1616593508741855,7.0467876093382875,4.2199312904333995e-11
667880,86,492,0.33697536046511634,0.10379550929826606,1.4416984573170732,0.06096186637865742,-1.104723096851957,0.12037382150141997,9.177436448164316,3.177776668743485e-16
Savolitinib,111,659,1.8300787027027026,0.06646571884585874,2.9346216100151747,0.04677506984008344,-1.1045429073124722,0.0812748358364471,13.590220096355434,1.8171356099593194e-31
Ipatasertib,112,659,2.4954209732142862,0.15432229478750442,3.5978873808801213,0.05459084685543069,-1.102466407665835,0.1636934061863046,6.734946955719667,3.903941723062097e-10
IOX2,27,152,1.4313344444444442,0.12102926883455807,2.521792822368421,0.06474606218363231,-1.0904583779239767,0.13725937666663984,7.944509179670541,6.250215137414311e-10
SGC-CBP30,86,492,3.3601166279069776,0.06375920143585262,4.450096615853659,0.03688040277743115,-1.0899799879466814,0.073657313803608,14.797987214859445,5.090287691571035e-31
GSK1904529A,115,663,3.4509835391304344,0.08817140023199084,4.5409147586727,0.04058219473102947,-1.0899312195422652,0.09706240440076225,11.229180095745761,3.953004016942671e-22
Cyclophosphamide,112,658,4.3801500267857145,0.05943894208253136,5.464541977203647,0.03237253266782009,-1.084391950417933,0.06768285386432517,16.0216641070081,9.878210095351347e-37
Entospletinib,108,611,2.810086564814814,0.12667703488150991,3.89287690671031,0.045235581230402416,-1.082790341895496,0.13451144551904726,8.049800801093683,3.730940651480788e-13
SL0101,27,152,3.8316883703703706,0.12860678489488966,4.913279401315789,0.06052671262624133,-1.0815910309454182,0.14213791915720458,7.60944748142245,3.4578742133251785e-09
GW441756,114,653,2.564847885964912,0.06608987477991773,3.636784104134762,0.03347577196893413,-1.0719362181698502,0.07408440360387118,14.469121245835845,8.644952888668934e-32
Picolinici-acid,108,610,4.3958024444444455,0.056200093856617485,5.467140126229508,0.029503013537131587,-1.0713376817850628,0.06347344607995366,16.878517678645707,2.5793218368051287e-38
GSK-LSD1,86,492,1.787908720930233,0.08914420892299514,2.8528576280487803,0.03547206953063419,-1.0649489071185474,0.09594247079001433,11.099869519197195,7.829750335248695e-20
JNK Inhibitor VIII,112,653,4.251898892857143,0.07284884527353082,5.301017808575804,0.03585618996112415,-1.0491189157186618,0.08119495437658089,12.920986578215995,4.983148005303274e-27
Remodelin,46,258,3.918261434782609,0.09787059731546865,4.966308108527131,0.07241718876064646,-1.0480466737445222,0.12174934515997085,8.608232531907715,9.391559442442435e-14
BMS-536924,112,659,1.2987570357142855,0.12685884418507876,2.341742490136571,0.0512928585372085,-1.0429854544222854,0.13683611981086052,7.622150173974057,2.657845054752906e-12
VSP34_8731,87,491,1.5562185747126438,0.10856719018856797,2.5937301812627287,0.04751054522424823,-1.037511606550085,0.11850774950586998,8.75479967239353,1.4453819064565048e-14
Doramapimod,114,655,4.10774499122807,0.09286118545721986,5.14429720610687,0.045371914079319675,-1.0365522148788004,0.10335284394607314,10.029256818705896,6.368869921743121e-19
Telomerase Inhibitor IX,112,659,-0.17587957142857144,0.07218892589899147,0.8579651669195749,0.04847767187880583,-1.0338447383481464,0.08695588360334937,11.889301741375494,1.229363992494809e-25
Bortezomib,112,658,-5.623692303571429,0.05163142306908,-4.59410747112462,0.041081441595272765,-1.0295848324468082,0.06598097219414195,15.604268900697083,7.838189373838649e-40
AGI-5198,112,659,3.8652615446428578,0.062487618053981786,4.892712834597875,0.03349461673447634,-1.027451289955017,0.07089846091594494,14.491870157423191,4.077204451777443e-32
AZD6482,27,193,2.4565034444444445,0.20269080450313057,3.474456937823834,0.09872237330541156,-1.0179534933793897,0.22545436172578107,4.515119980768086,5.585900966201435e-05
BDILV000379a,86,492,3.642751813953488,0.05652633178349308,4.656576959349594,0.03507396439130683,-1.013825145396106,0.06652374886474904,15.240048293991025,6.669024724678656e-33
GDC0810,112,659,4.283305348214285,0.05971471047244042,5.272767983308042,0.03561333625382437,-0.9894626350937568,0.06952809767234644,14.231119047102851,3.410787833652295e-32
Alpelisib,115,663,2.6116772347826083,0.11004289498444801,3.5995019607843135,0.0522725320916752,-0.9878247260017052,0.12182715767772581,8.108411497334913,9.771538344973079e-14
Ulixertinib,115,661,1.7231209391304347,0.11226642018309141,2.7072655158850223,0.05474459791356087,-0.9841445767545876,0.12490284264757102,7.879280854571697,3.5104905372968964e-13
BIBR-1532,114,653,4.200047684210527,0.06644475004568216,5.180531260336907,0.03564587280089579,-0.9804835761263799,0.07540247380803114,13.003334328560827,7.17660407337526e-28
Staurosporine,115,665,-3.567816539130436,0.10744179667494154,-2.607440908270677,0.053739154946855806,-0.9603756308597591,0.120131746208659,7.994353375931665,1.6501308234581237e-13
AZD8055,88,516,-0.7640539545454547,0.1344315850094454,0.1907321608527132,0.059906536103718176,-0.9547861153981678,0.1471755554298941,6.487396039439257,1.8744443419339155e-09
720427,86,492,3.047696790697675,0.06374760526654673,4.0006806890243904,0.03682392215301577,-0.9529838983267154,0.07361900855044723,12.944807558413201,3.990279326604527e-26
Buparlisib,112,659,0.3580583125,0.06336029443151574,1.3047258148710166,0.03528159824779365,-0.9466675023710166,0.072521156122659,13.053673617252683,4.014543253162715e-28
GSK2578215A,112,659,4.188820348214286,0.05754291967555973,5.13543702276176,0.03635260775359943,-0.9466166745474744,0.06806393828801692,13.907756417822979,1.1614395994041925e-31
UMI-77,85,515,2.237348211764706,0.09712782387477507,3.1785059980582524,0.06059873135444725,-0.9411577862935463,0.11448152869532183,8.221044888370763,6.87426595789695e-14
AGK2,110,643,2.530458309090909,0.07315297345735852,3.4663802472783822,0.034817452534447256,-0.935921938187473,0.08101612510260836,11.552292052996997,6.431555596176528e-23
OSI-027,112,661,1.8143771517857143,0.11602847792025883,2.7404056853252645,0.05779319878163209,-0.9260285335395502,0.12962508057434421,7.143899386110257,2.4954128502902458e-11
Bleomycin,86,492,1.971247162790698,0.10025150611624142,2.8937016951219516,0.0625179186367338,-0.9224545323312536,0.11814759679842861,7.807645329469135,7.22715275842607e-13
Sinularin,86,492,2.8913227674418605,0.09351049496429965,3.8114351544715444,0.0421981586886428,-0.9201123870296839,0.1025909219433191,8.968750544400416,4.272810869146529e-15
CCT007093,112,643,4.440911339285714,0.05528365769687428,5.357557359253499,0.03357092198234772,-0.9166460199677848,0.0646783550431676,14.172376823065418,3.702763002995882e-32
Gallibiscoquinazole,86,492,1.9631178139534884,0.0757023998910445,2.8790994715447153,0.03812661306660185,-0.915981657591227,0.0847613825582971,10.80659175139379,6.775503326570502e-20
LCL161,109,611,4.024458981651376,0.093663571774617,4.939774199672668,0.049425080321316595,-0.9153152180212913,0.10590421730199145,8.642859003539224,3.460548894074318e-15
OF-1,108,611,3.3617117222222217,0.098326829486558,4.274426319148936,0.047476754833594904,-0.9127145969267141,0.10918886228186431,8.359044849927987,2.799463830374962e-14
VTP-B,88,508,2.1833730113636363,0.05427215067709609,3.0944979468503937,0.03403103439839257,-0.9111249354867574,0.06405917296798329,14.223176686063942,1.8870269171700974e-30
VX-11e,115,654,1.9008507130434786,0.11597587418565046,2.8087343333333337,0.0564398346958388,-0.907883620289855,0.12898006952091254,7.038945037493973,4.3777880663234534e-11
743380,86,492,1.2040492674418606,0.14635603358661323,2.1113849735772354,0.06640644852083351,-0.9073357061353748,0.16071684719517107,5.645554414301856,1.082330732816642e-07
EHT-1864,111,647,2.943305549549549,0.06315981394455278,3.84789514374034,0.03882737676492838,-0.9045895941907909,0.07413991694058082,12.201114211063537,4.571518073854913e-26
MN-64,108,611,3.9112576851851846,0.08051564810247114,4.810156286415712,0.04161609343415806,-0.8988986012305271,0.09063481021153814,9.917807508313114,1.4218455908236897e-18
IRAK4_4710,87,491,4.179013954022988,0.09064398569021728,5.060671309572301,0.04176160480711122,-0.8816573555493132,0.09980162212045278,8.834098452680674,7.567517202804801e-15
150412,86,492,2.431672441860465,0.09428111355525293,3.305886449186992,0.048789132035106444,-0.8742140073265272,0.10615699589738561,8.235104996486218,1.369760984960038e-13
123138,86,492,2.1820631744186048,0.058904192098897815,3.047764207317073,0.03679572628032906,-0.8657010328984684,0.06945235287102053,12.464675379769433,2.354672986900416e-25
Taselisib,114,665,1.0495513245614037,0.1862544426024465,1.9146141157894736,0.061153996589104434,-0.86506279122807,0.19603705947592723,4.412751311107567,2.0375438751504303e-05
729189,86,492,3.2047428023255815,0.06749402757336254,4.066153764227642,0.03533632947160413,-0.8614109619020605,0.07618464371905655,11.306884430393291,2.5639945266216026e-21
PLX-4720,114,661,3.520893710526316,0.11617977804771862,4.377689242057489,0.05986298309418044,-0.8567955315311728,0.13069551473616564,6.555661326716388,5.737721277902529e-10
AZ6102,115,655,1.9946006086956525,0.06646730546299102,2.836230111450382,0.045105425607162235,-0.8416295027547294,0.08032684554190961,10.477561979147044,2.553556189073926e-21
Obatoclax Mesylate,92,541,-0.12438005434782606,0.11528035086824896,0.7038109796672829,0.04615052579471417,-0.828191034015109,0.12417499880183276,6.669547348551174,7.942446160467175e-10
BDOCA000347a,86,492,2.0942466279069762,0.08928130073408841,2.915695343495935,0.043200219340461796,-0.8214487155889589,0.0991837164651272,8.282092513419565,1.3765566662937514e-13
AZD2014,87,491,1.5207302298850573,0.14744518650423383,2.338041321792261,0.06516786487065541,-0.8173110919072035,0.1612046327965431,5.070022354374483,1.4349278431600533e-06
BDF00022089a,86,492,3.7331500465116285,0.06235385386982866,4.5480487154471545,0.03476766253019983,-0.814898668935526,0.07139183041660865,11.414452664683987,6.982246427875074e-22
AZD1332,87,491,3.1746727586206895,0.14823811186566152,3.977549305498982,0.06773722673223004,-0.8028765468782924,0.16298119429820704,4.926191333518316,2.606454659624573e-06
XAV939,109,611,3.61733,0.08723909666948228,4.410287659574468,0.03935079927878578,-0.7929576595744683,0.09570342413720923,8.285572504047622,5.14936695630207e-14
615590,86,492,3.245798244186047,0.06039348036316198,4.034561156504065,0.03667254227772167,-0.7887629123180178,0.07065584071743054,11.16344953664153,1.262176958163772e-21
glutathione,86,505,8.532963988372092,0.07568723564891337,9.321598201980198,0.03941911980633387,-0.7886342136081055,0.08533712349546502,9.241396725189771,4.484030930013375e-16
L-Oxonoreleagnine,86,492,3.1397511627906978,0.05611622760923388,3.926818182926829,0.03375197749272105,-0.7870670201361314,0.06548455532230857,12.019124452510438,6.759363923060013e-24
SGC0946,114,649,1.4775460877192983,0.05685881815172848,2.2515273697996916,0.030537358766881673,-0.7739812820803933,0.0645403399593508,11.992209563319113,6.96291236543908e-25
Cediranib,112,659,1.690990392857143,0.0800307892036442,2.4254010030349016,0.04614040966252806,-0.7344106101777585,0.09237891872274781,7.949980583577819,1.5146823932965995e-13
Dihydrorotenone,84,492,0.11553635714285712,0.15913130774888015,0.8473409471544716,0.07316396229469865,-0.7318045900116145,0.17514490710417158,4.178280728290639,5.5790298975749824e-05
ERK_2440,87,491,1.9059235402298853,0.1696673232287855,2.6340105539714873,0.07255306804412422,-0.728087013741602,0.18452899028130104,3.945651101388927,0.00013470162897127292
AZD8186,112,659,2.537808607142857,0.1569432587409778,3.2655426919575117,0.052535258818896285,-0.7277340848146547,0.16550268844766822,4.397113374051102,2.1847267506757088e-05
Pictilisib,115,665,0.6441308956521739,0.13033596895151112,1.3661025669172933,0.04585809600545633,-0.7219716712651194,0.13816812140206192,5.225312929921223,6.004787664793438e-07
Erlotinib,110,659,2.1807099727272727,0.09128592312443438,2.900872974203338,0.055576909619359585,-0.7201630014760654,0.10687334861189017,6.738471385334171,1.6655943929406037e-10
Afatinib,115,664,0.9682766521739132,0.06499829166501071,1.6816621837349397,0.0629330174016576,-0.7133855315610265,0.09047288322280406,7.885075683994724,3.530073786523168e-14
Selumetinib,115,665,2.8169723130434785,0.17954951596389007,3.4999487112781957,0.07135786366263244,-0.6829763982347172,0.1932096617391637,3.5348977483162662,0.0005406667465829186
GNE-317,110,648,0.17355030909090907,0.12728983901897284,0.8340473919753086,0.048965667355544064,-0.6604970828843996,0.1363830623539808,4.8429553603224305,3.281109355139468e-06
SB505124,27,192,3.076106851851852,0.23434503620664007,3.7301675260416665,0.11417050270713429,-0.6540606741898145,0.2606770025972587,2.509084682089607,0.016311669914615745
ERK_6604,87,491,2.687993367816092,0.16502378726650946,3.3361320264765784,0.07125824163892547,-0.6481386586604865,0.1797514599808682,3.6057490644552814,0.0004541536721024628
SCH772984,114,663,1.806072605263158,0.16598207481186258,2.45244073453997,0.07177446177622357,-0.646368129276812,0.18083589942850764,3.574335247146818,0.0004657865382324356
N-acetyl cysteine,88,508,9.461297011363637,0.08232895575604458,10.10665690551181,0.03812962149187412,-0.6453598941481733,0.09072995641459515,7.11297480623895,7.292773276510691e-11
Lapatinib,115,664,2.660630060869565,0.09019501874859577,3.2917461611445784,0.06616943479682359,-0.6311161002750132,0.11186391513079913,5.641820237894123,4.4337396139323906e-08
741909,86,492,1.5763175116279065,0.1450095939789484,2.1968146605691055,0.06646413801247404,-0.620497148941199,0.15951571705534429,3.889880949636557,0.00016292310024419173
Romidepsin,86,492,-5.667792209302325,0.07844542652547466,-5.083172859756097,0.047549775497331935,-0.5846193495462284,0.09173148910058265,6.373158827773952,2.0060818979677425e-09
MG-132,115,666,-1.7633144347826086,0.05087596275595133,-1.2054079504504502,0.027400950700227245,-0.5579064843321584,0.057785601023275956,9.654766489448374,3.769394420382718e-18
WIKI4,111,659,3.2904050990991,0.07491947324853528,3.821286594840668,0.037976309135868136,-0.5308814957415682,0.08399480655029223,6.320408576971967,2.167996449577689e-09
PD0325901,115,665,0.7504194869565218,0.22569690535022566,1.2615327804511278,0.08338902144024259,-0.511113293494606,0.24060927243443875,2.1242460372505976,0.03532549264231192
Sepantronium bromide,112,659,-4.4457920625,0.13846659432966435,-3.9664837587253414,0.0646006079684661,-0.4793083037746584,0.15279475218459332,3.136942185001222,0.0020255931992861445
Gefitinib,112,659,2.7150618750000004,0.06679418838170222,3.1939435432473444,0.05137983298939426,-0.478881668247344,0.08426951310876532,5.682739232505818,3.480971382237898e-08
Osimertinib,112,659,1.2625422232142858,0.08141184733840892,1.7106934810318664,0.05346553192928042,-0.4481512578175806,0.0973984188348728,4.601216972293633,7.08557557519703e-06
AZD3759,115,664,2.1236276,0.05772877614019695,2.5548211174698796,0.04517722212163336,-0.4311935174698798,0.07330479515879143,5.882200701002393,1.1583674387024681e-08
Refametinib,112,651,1.7829277678571427,0.2001549685349323,2.171071311827957,0.07383358893078557,-0.3881435439708145,0.21333872195084502,1.8193769064588563,0.07094850396523539
123829,86,492,2.3166885348837214,0.15583450830708606,2.6426278556910567,0.07458950206117039,-0.32593932080733534,0.17276570202747019,1.8865973800489066,0.06149315237721872
Trametinib,114,665,-0.1739176842105263,0.23820570943253602,0.09245987669172931,0.08805787758809552,-0.2663775609022556,0.25396092181983,1.0488919279133602,0.2959666115816093
Tanespimycin,113,652,-0.3250213982300885,0.11896104154313737,-0.10136886656441718,0.06327399905844873,-0.22365253166567134,0.13474170980760422,1.659861166857847,0.09866601181912851
Sapitinib,115,664,3.559935391304347,0.09370427395042345,3.6626963448795182,0.075457845457733,-0.10276095357517123,0.12030950668047444,0.8541382672949549,0.39373606671148886
Acetalax,86,492,5.0894837441860465,0.0648362081177613,4.675490707317072,0.10011892954617425,0.41399303686897415,0.11927922676041064,3.4707890729417477,0.0005647293238698909
